sid,lat,lon,kw,yrs,climate,station,km,st_iwsr,st_y0,st_y1,st_ny,st_loss
11248,37.29222,-121.881711,3.78,5.4712,Csb,13063_ac_power_inv_23623,0.3,0.96,2015,2022,8,4.0000000000000036
10629,34.127819,-117.5246,3.92,4.6164,Csb,5379_dc_power_inv_5070,0.6,0.98,2017,2022,6,2.0000000000000018
10114,37.35115,-120.6056,3.06,12.2438,Bsk,13066_ac_power_inv_23712,1.1,0.9085000000000001,2015,2022,8,9.149999999999991
11066,34.125147,-117.45818,7.59,6.5205,Csa,5374_ac_power_inv_4970,1.2,0.9755,2017,2022,6,2.4499999999999966
10251,34.119245,-117.8548,4.32,5.4739,Csb,5361_ac_power_inv_4858,1.3,0.974,2017,2022,6,2.6000000000000023
11155,34.000578,-117.96943,9.1,5.9753,Csb,7165_ac_power_inv_14889,1.4,0.948,2010,2014,5,5.200000000000005
10063,37.295092,-121.89649,6.902,12.0739,Csb,13063_ac_power_inv_23623,1.6,0.96,2015,2022,8,4.0000000000000036
10092,32.216326,-110.88511,4.725,12.441,Bsh,5159_ac_power_inv_2715,1.6,0.988,2014,2022,9,1.200000000000001
11964,37.295092,-121.89649,3.96,6.315,Csb,13063_ac_power_inv_23623,1.6,0.96,2015,2022,8,4.0000000000000036
10250,33.831636,-116.462459,4.73,10.0739,Bwh,5974_ac_power_inv_14431,1.6,0.9895,2013,2016,4,1.0499999999999954
11670,37.295092,-121.89649,6.72,7.926,Csb,13063_ac_power_inv_23623,1.6,0.96,2015,2022,8,4.0000000000000036
10385,34.265003,-118.77177,6.25,7.8767,Csb,7086_ac_power_inv_14714,1.7,0.944,2010,2016,7,5.600000000000005
12085,34.265003,-118.77177,3.64,8.6657,Csb,7086_ac_power_inv_14714,1.7,0.944,2010,2016,7,5.600000000000005
12308,32.719601,-117.16246,4.95,8.178,Bsk,6792_ac_power_inv_13731,2.0,0.971,2015,2019,5,2.9000000000000026
10424,32.719601,-117.16246,5.85,5.3726,Bsk,6792_ac_power_inv_13731,2.0,0.971,2015,2019,5,2.9000000000000026
12023,34.122658,-118.11296,3.91,10.5123,Csb,5223_ac_power_inv_3338,2.1,0.97,2017,2019,3,3.0000000000000027
11577,34.101608,-118.05606,7.92,4.1287,Csb,5219_ac_power_inv_3319,2.2,0.975,2015,2019,5,2.500000000000002
10826,32.249551,-110.8878,10.2,7.9041,Bsh,5159_ac_power_inv_2715,2.3,0.988,2014,2022,9,1.200000000000001
11539,34.478797,-118.65255,5.61,6.6904,Csb,5116_ac_power_inv_2417,2.3,0.9684999999999999,2014,2021,8,3.1500000000000083
10817,33.581533,-117.72474,6.08,7.1287,Csa,5242_ac_power_inv_3584,2.5,0.985,2016,2022,7,1.5000000000000013
12028,33.581533,-117.72474,5.12,7.8986,Csa,5242_ac_power_inv_3584,2.5,0.985,2016,2022,7,1.5000000000000013
10415,33.601629,-117.639943,5.985,6.1616,Csa,5243_ac_power_inv_14967,2.8,0.978,2017,2022,6,2.200000000000002
11707,37.527237,-121.9679,6.37,10.5095,Csb,7085_ac_power_inv_14713,2.8,0.969,2008,2014,7,3.1000000000000028
10920,33.807761,-116.46473,6.7,7.3315,Bwh,5974_ac_power_inv_14431,2.8,0.9895,2013,2016,4,1.0499999999999954
10309,37.527237,-121.9679,8.25,10.4246,Csb,7085_ac_power_inv_14713,2.8,0.969,2008,2014,7,3.1000000000000028
10349,33.628273,-117.631338,10.464,9.9945,Csa,5244_ac_power_inv_3601,3.0,0.984,2016,2022,7,1.6000000000000014
10411,33.562698,-117.69941,7.8,9.1232,Csa,5242_ac_power_inv_3584,3.0,0.985,2016,2022,7,1.5000000000000013
10568,38.550098,-121.37492,5.72,4.6712,Csa,5311_ac_power_inv_6106,3.1,0.9755,2017,2022,6,2.4499999999999966
11687,33.615462,-117.64093,5.61,6.2657,Csa,5243_ac_power_inv_14967,3.2,0.978,2017,2022,6,2.200000000000002
10365,33.615462,-117.64093,8.71,9.9315,Csa,5243_ac_power_inv_14967,3.2,0.978,2017,2022,6,2.200000000000002
10664,34.253866,-118.752458,8.4,8.6246,Csb,7086_ac_power_inv_14714,3.3,0.944,2010,2016,7,5.600000000000005
10068,37.296355,-121.917905,3.675,12.0739,Csb,13063_ac_power_inv_23623,3.4,0.96,2015,2022,8,4.0000000000000036
11178,34.103187,-118.042869,7.26,5.8657,Csb,5219_ac_power_inv_3319,3.4,0.975,2015,2019,5,2.500000000000002
11927,34.481172,-118.42821,9.15,5.041,Csb,5277_ac_power_inv_4019,3.5,0.973,2016,2022,7,2.7000000000000024
10158,34.481172,-118.42821,5.88,11.5452,Csb,5277_ac_power_inv_4019,3.5,0.973,2016,2022,7,2.7000000000000024
10666,37.269343,-121.84939,6.71,8.6794,Csb,13063_ac_power_inv_23623,3.6,0.96,2015,2022,8,4.0000000000000036
10435,37.562218,-121.99433,6.16,9.1616,Csb,7085_ac_power_inv_14713,3.6,0.969,2008,2014,7,3.1000000000000028
11735,37.562218,-121.99433,8.96,9.0602,Csb,7085_ac_power_inv_14713,3.6,0.969,2008,2014,7,3.1000000000000028
11881,37.257643,-121.89072,5.5,9.052,Csb,13063_ac_power_inv_23623,3.7,0.96,2015,2022,8,4.0000000000000036
10192,37.269086,-121.912547,4.08,11.6054,Csb,13063_ac_power_inv_23623,3.7,0.96,2015,2022,8,4.0000000000000036
10420,37.257643,-121.89072,4.675,6.1616,Csb,13063_ac_power_inv_23623,3.7,0.96,2015,2022,8,4.0000000000000036
10975,34.050764,-117.25327,5.525,7.0273,Csa,7154_ac_power_inv_14845,3.9,0.934,2009,2017,9,6.599999999999994
10296,34.12716,-117.20073,5.12,6.3068,Csa,5421_ac_power_inv_6758,3.9,0.964,2018,2022,5,3.600000000000003
10588,33.958464,-118.30998,6.75,8.5808,Csb,5328_dc_power_inv_4559,4.2,0.9755,2017,2022,6,2.4499999999999966
10887,33.687407,-117.663295,6.6,7.6246,Csa,5244_ac_power_inv_3601,4.3,0.984,2016,2022,7,1.6000000000000014
10111,33.639994,-117.60351,7.68,10.1808,Csa,5244_ac_power_inv_3601,4.4,0.984,2016,2022,7,1.6000000000000014
12202,33.639994,-117.60351,6.555,7.7397,Csa,5244_ac_power_inv_3601,4.4,0.984,2016,2022,7,1.6000000000000014
11553,33.639994,-117.60351,9.24,7.3232,Csa,5244_ac_power_inv_3601,4.4,0.984,2016,2022,7,1.6000000000000014
11505,34.134719,-117.664475,4.07,4.3945,Csb,5285_ac_power_inv_4069,4.4,0.9604999999999999,2016,2021,6,3.950000000000009
10697,37.322031,-121.850327,5.355,7.8383,Csb,13063_ac_power_inv_23623,4.4,0.96,2015,2022,8,4.0000000000000036
11145,34.239503,-118.48224,6.6,5.9178,Csb,13193_dc_power_inv_25624,4.5,0.981,2016,2019,4,1.9000000000000017
10779,33.570763,-117.63463,4.48,8.1287,Csa,5243_ac_power_inv_14967,4.6,0.978,2017,2022,6,2.200000000000002
11557,33.570763,-117.63463,12.9,5.5917,Csa,5243_ac_power_inv_14967,4.6,0.978,2017,2022,6,2.200000000000002
10554,32.761791,-117.146557,7.29,9.0027,Bsk,6792_ac_power_inv_13731,4.7,0.971,2015,2019,5,2.9000000000000026
10587,32.761664,-117.146525,8.82,4.5561,Bsk,6792_ac_power_inv_13731,4.7,0.971,2015,2019,5,2.9000000000000026
10637,34.277648,-118.50047,11.772,8.7972,Csb,13193_dc_power_inv_25624,4.7,0.981,2016,2019,4,1.9000000000000017
10153,33.868412,-118.366253,4.08,10.0739,Csb,5327_ac_power_inv_4557,4.7,0.974,2017,2022,6,2.6000000000000023
10254,32.744579,-117.132568,4.2,10.8657,Bsk,6792_ac_power_inv_13731,4.7,0.971,2015,2019,5,2.9000000000000026
10512,37.284042,-121.82664,7.28,9.0219,Csb,13063_ac_power_inv_23623,4.8,0.96,2015,2022,8,4.0000000000000036
12184,32.742892,-117.12774,14.4,13.0904,Bsk,6792_ac_power_inv_13731,5.1,0.971,2015,2019,5,2.9000000000000026
10720,33.659639,-117.73948,6.0,8.1287,Csa,5241_ac_power_inv_3540,5.1,0.984,2016,2022,7,1.6000000000000014
11211,32.742892,-117.12774,5.04,5.7205,Bsk,6792_ac_power_inv_13731,5.1,0.971,2015,2019,5,2.9000000000000026
10872,37.326341,-121.9178,6.27,7.7123,Csb,13063_ac_power_inv_23623,5.2,0.96,2015,2022,8,4.0000000000000036
12061,33.975263,-118.35558,2.64,7.9095,Csb,5328_dc_power_inv_4559,5.2,0.9755,2017,2022,6,2.4499999999999966
10341,33.975263,-118.35558,3.29,7.1589,Csb,5328_dc_power_inv_4559,5.2,0.9755,2017,2022,6,2.4499999999999966
10069,37.256743,-121.92312,5.0,12.7041,Csb,13063_ac_power_inv_23623,5.3,0.96,2015,2022,8,4.0000000000000036
11562,37.256743,-121.92312,4.7,8.2219,Csb,13063_ac_power_inv_23623,5.3,0.96,2015,2022,8,4.0000000000000036
11573,33.571185,-117.15362,5.28,6.8438,Csa,7083_ac_power_inv_14711,5.7,0.97,2008,2013,6,3.0000000000000027
10673,33.571185,-117.15362,6.615,8.663,Csa,7083_ac_power_inv_14711,5.7,0.97,2008,2013,6,3.0000000000000027
10519,37.316983,-121.93555,7.28,9.1452,Csb,13063_ac_power_inv_23623,5.8,0.96,2015,2022,8,4.0000000000000036
12068,37.316983,-121.93555,5.98,6.5835,Csb,13063_ac_power_inv_23623,5.8,0.96,2015,2022,8,4.0000000000000036
11650,33.639227,-117.58518,13.2,6.652,Csa,5244_ac_power_inv_3601,6.1,0.984,2016,2022,7,1.6000000000000014
11236,32.727008,-117.115101,7.035,5.6575,Bsk,6792_ac_power_inv_13731,6.1,0.971,2015,2019,5,2.9000000000000026
10701,33.639227,-117.58518,12.6,4.2684,Csa,5244_ac_power_inv_3601,6.1,0.984,2016,2022,7,1.6000000000000014
10182,37.305714,-121.81145,8.75,6.0739,Csb,13063_ac_power_inv_23623,6.3,0.96,2015,2022,8,4.0000000000000036
11628,37.571581,-122.0509,4.02,5.7178,Csb,7085_ac_power_inv_14713,6.4,0.969,2008,2014,7,3.1000000000000028
10650,32.294508,-110.884167,10.8,8.7479,Bsh,5259_ac_power_inv_3782,6.4,0.987,2016,2022,7,1.3000000000000012
10596,33.934513,-117.95159,3.51,4.6191,Csa,7084_ac_power_inv_14712,6.5,0.958,2008,2013,6,4.200000000000004
10562,32.76235,-117.12246,4.32,4.7342,Bsk,6792_ac_power_inv_13731,6.5,0.971,2015,2019,5,2.9000000000000026
10013,37.231378,-121.874925,4.56,12.0712,Csb,13063_ac_power_inv_23623,6.5,0.96,2015,2022,8,4.0000000000000036
11875,37.515014,-121.92916,3.575,7.9506,Csb,7085_ac_power_inv_14713,6.5,0.969,2008,2014,7,3.1000000000000028
11745,37.515014,-121.92916,5.76,8.5287,Csb,7085_ac_power_inv_14713,6.5,0.969,2008,2014,7,3.1000000000000028
10609,34.313088,-118.402347,8.32,6.8136,Csb,13193_dc_power_inv_25624,6.5,0.981,2016,2019,4,1.9000000000000017
10553,37.515014,-121.92916,4.32,9.0301,Csb,7085_ac_power_inv_14713,6.5,0.969,2008,2014,7,3.1000000000000028
12100,37.244426,-121.83246,2.7,7.9808,Csb,13063_ac_power_inv_23623,6.6,0.96,2015,2022,8,4.0000000000000036
11050,37.244426,-121.83246,3.685,6.6054,Csb,13063_ac_power_inv_23623,6.6,0.96,2015,2022,8,4.0000000000000036
12088,37.278843,-121.95446,3.682,7.1808,Csb,13063_ac_power_inv_23623,6.7,0.96,2015,2022,8,4.0000000000000036
10722,37.278843,-121.95446,6.48,4.2383,Csb,13063_ac_power_inv_23623,6.7,0.96,2015,2022,8,4.0000000000000036
11883,34.063645,-117.89743,12.87,5.6684,Csb,5360_dc_power_inv_4851,6.8,0.9755,2017,2022,6,2.4499999999999966
10212,34.328499,-118.426913,5.0,9.3917,Csb,13193_dc_power_inv_25624,6.8,0.981,2016,2019,4,1.9000000000000017
11162,34.063645,-117.89743,13.2,5.9479,Csb,5360_dc_power_inv_4851,6.8,0.9755,2017,2022,6,2.4499999999999966
10225,38.628371,-121.32702,8.25,11.0767,Csa,5311_ac_power_inv_6106,6.8,0.9755,2017,2022,6,2.4499999999999966
10775,34.018361,-117.85438,7.0,8.1534,Csb,5232_ac_power_inv_3404,6.9,0.967,2016,2022,7,3.300000000000003
11049,35.39068,-119.18583,7.0,6.6082,Bsh,7052_ac_power_inv_14621,7.0,0.945,2008,2018,11,5.500000000000005
11603,35.39068,-119.18583,6.48,5.578,Bsh,7052_ac_power_inv_14621,7.0,0.945,2008,2018,11,5.500000000000005
10604,33.648871,-117.764637,10.71,8.8547,Csa,5241_ac_power_inv_3540,7.0,0.984,2016,2022,7,1.6000000000000014
10870,34.002333,-118.03562,5.51,7.6986,Csb,7165_ac_power_inv_14889,7.0,0.948,2010,2014,5,5.200000000000005
11565,38.605355,-121.28247,11.22,4.1643,Csa,5311_ac_power_inv_6106,7.1,0.9755,2017,2022,6,2.4499999999999966
10834,38.605355,-121.28247,6.16,7.641,Csa,5311_ac_power_inv_6106,7.1,0.9755,2017,2022,6,2.4499999999999966
10602,33.975267,-117.72305,2.52,8.726,Csa,5232_ac_power_inv_3404,7.2,0.967,2016,2022,7,3.300000000000003
11951,36.327063,-119.6451,3.52,4.7342,Bsk,7135_ac_power_inv_14806,7.5,0.935,2008,2016,9,6.499999999999995
11189,32.292078,-110.84384,10.15,5.8301,Bsh,5159_ac_power_inv_2715,7.7,0.988,2014,2022,9,1.200000000000001
11113,34.114558,-118.19233,6.93,6.2328,Csb,5216_ac_power_inv_3279,7.8,0.964,2015,2022,8,3.600000000000003
10476,33.705099,-117.721456,4.95,9.3013,Csa,5241_ac_power_inv_3540,7.8,0.984,2016,2022,7,1.6000000000000014
10213,32.79869,-117.202986,3.5,11.3369,Bsk,6792_ac_power_inv_13731,7.9,0.971,2015,2019,5,2.9000000000000026
10536,32.741256,-117.0951,10.54,9.0904,Bsk,6792_ac_power_inv_13731,8.0,0.971,2015,2019,5,2.9000000000000026
10177,37.592184,-122.04577,3.744,7.5479,Csb,7085_ac_power_inv_14713,8.0,0.969,2008,2014,7,3.1000000000000028
12052,32.741256,-117.0951,10.54,8.7561,Bsk,6792_ac_power_inv_13731,8.0,0.971,2015,2019,5,2.9000000000000026
10782,33.941363,-117.99477,4.48,8.1095,Csa,7084_ac_power_inv_14712,8.1,0.958,2008,2013,6,4.200000000000004
10655,33.495343,-117.07657,8.48,8.7232,Csa,7083_ac_power_inv_14711,8.2,0.97,2008,2013,6,3.0000000000000027
11957,33.495343,-117.07657,5.61,6.8191,Csa,7083_ac_power_inv_14711,8.2,0.97,2008,2013,6,3.0000000000000027
10106,34.290657,-118.536841,5.04,12.3835,Csb,13193_dc_power_inv_25624,8.3,0.981,2016,2019,4,1.9000000000000017
10487,33.758216,-118.36425,5.4,9.2657,Csb,5307_dc_power_inv_4238,8.4,0.961,2016,2022,7,3.9000000000000035
12035,37.213624,-121.85671,10.95,5.8821,Csb,13063_ac_power_inv_23623,8.7,0.96,2015,2022,8,4.0000000000000036
10531,37.213624,-121.85671,5.4,6.7753,Csb,13063_ac_power_inv_23623,8.7,0.96,2015,2022,8,4.0000000000000036
11682,37.213624,-121.85671,4.95,8.1917,Csb,13063_ac_power_inv_23623,8.7,0.96,2015,2022,8,4.0000000000000036
11767,37.213624,-121.85671,10.296,7.5561,Csb,13063_ac_power_inv_23623,8.7,0.96,2015,2022,8,4.0000000000000036
11476,37.213624,-121.85671,6.48,9.0273,Csb,13063_ac_power_inv_23623,8.7,0.96,2015,2022,8,4.0000000000000036
12001,37.213624,-121.85671,4.32,9.0684,Csb,13063_ac_power_inv_23623,8.7,0.96,2015,2022,8,4.0000000000000036
10527,33.998751,-117.44695,3.9,9.1178,Csa,5112_ac_power_inv_2391,8.8,0.962,2013,2022,10,3.8000000000000034
10524,34.276154,-118.54581,10.08,9.0876,Csb,13193_dc_power_inv_25624,8.8,0.981,2016,2019,4,1.9000000000000017
11666,38.421068,-121.36059,8.82,6.8602,Csa,6793_ac_power_inv_13734,9.0,0.9475,2016,2019,4,5.249999999999999
10712,38.421068,-121.36059,6.21,4.2794,Csa,6793_ac_power_inv_13734,9.0,0.9475,2016,2019,4,5.249999999999999
11222,33.529314,-112.30607,11.4,5.6876,Bsh,5103_ac_power_inv_2364,9.1,0.988,2013,2022,10,1.200000000000001
12084,37.289642,-121.98311,3.84,5.2356,Csb,13063_ac_power_inv_23623,9.1,0.96,2015,2022,8,4.0000000000000036
10821,37.289642,-121.98311,3.36,7.9178,Csb,13063_ac_power_inv_23623,9.1,0.96,2015,2022,8,4.0000000000000036
11519,32.803799,-117.13595,6.7,5.2273,Bsk,6792_ac_power_inv_13731,9.2,0.971,2015,2019,5,2.9000000000000026
10683,32.803799,-117.13595,3.6,8.6109,Bsk,6792_ac_power_inv_13731,9.2,0.971,2015,2019,5,2.9000000000000026
10501,34.192102,-118.14206,5.04,4.9589,Csb,5223_ac_power_inv_3338,9.3,0.97,2017,2019,3,3.0000000000000027
10897,37.294648,-120.47474,6.96,7.5342,Csa,NREL UCMerced,9.3,0.9684999999999999,2018,2019,2,3.1500000000000083
10336,34.292898,-118.87134,6.0,10.2904,Csb,7086_ac_power_inv_14714,9.4,0.944,2010,2016,7,5.600000000000005
10652,33.997179,-118.40145,4.8,8.7178,Csb,5328_dc_power_inv_4559,9.4,0.9755,2017,2022,6,2.4499999999999966
10929,33.828766,-118.31367,7.15,7.2904,Csb,5326_ac_power_inv_4547,9.4,0.976,2017,2022,6,2.400000000000002
11103,33.957957,-117.24833,6.6,6.2356,Csa,NREL UCRiverside,9.7,0.964,2017,2017,1,3.600000000000003
11620,32.662563,-116.95413,5.44,8.7232,Csa,5980_ac_power_inv_14476,9.7,0.976,2011,2016,6,2.400000000000002
10542,33.857416,-118.25633,5.355,4.8,Csb,5326_ac_power_inv_4547,9.7,0.976,2017,2022,6,2.400000000000002
12005,32.662563,-116.95413,8.25,6.2054,Csa,5980_ac_power_inv_14476,9.7,0.976,2011,2016,6,2.400000000000002
10832,32.366724,-110.966381,8.82,6.1315,Bsh,5259_ac_power_inv_3782,9.8,0.987,2016,2022,7,1.3000000000000012
10597,38.664824,-121.52061,6.21,8.8438,Csa,13045_ac_power_inv_23345,9.8,0.939,2016,2021,6,6.100000000000005
10707,34.384663,-118.58704,12.06,7.1315,Csb,5281_ac_power_inv_6010,10.0,0.975,2016,2022,7,2.500000000000002
11070,34.277681,-118.661539,7.59,6.5041,Csb,7086_ac_power_inv_14714,10.0,0.944,2010,2016,7,5.600000000000005
